"Town","Firm","Solicitor","Role","Address","Firm website (source)","What was checked","Law Society register: found? (Y/N)","Practising cert current? (Y/N)","Checked by / date"
"dublin","KOD Lyons","Matthew de Courcy","Partner, Family Law","31-33 Usher's Quay, Dublin 8, D08 E4YD","https://kodlyons.ie/team/matthew-de-courcy/","Firm website: profile page (role, qualification year); practice areas from kodlyons.ie practice pages.","","",""
"dublin","Gartlan Furey LLP","Nora Lillis","Partner, Private Client","20 Fitzwilliam Square South, Dublin 2, D02 FP64","https://www.gartlanfurey.ie/our-people/nora-lillis/","Firm website: profile page (role, admission year).","","",""
"cork","Joyce & Co Solicitors","Eoin Joyce","Managing Partner","9 Washington Street West, Cork, T12 FK07","https://joycecosolicitors.ie/meet-the-team/","Firm website: 'Meet the team' page (role, qualification year, practice focus).","","",""
"cork","Walsh and Partners Solicitors LLP","Karen Walsh","Partner","17 South Mall, Cork","https://walshandpartners.ie/karen-walsh/","Firm website: profile page (role, qualification year). Also featured on lawsociety.ie (career spotlight).","","",""
"limerick","Frances Twomey & Co. Solicitors LLP","Jerry Twomey","Partner, Family Law","80 O'Connell Street, Limerick, V94 WTP3","https://www.twomeysolicitors.ie/","Firm website: key personnel. Listed on the LSRA Register of Limited Liability Partnerships (21 Sep 2026) as ""Frances Twomey & Co. LLP"", 80 O'Connell Street, Limerick.","","",""
"limerick","Hayes Solicitors Limerick","Michelle Hayes","Solicitor and accredited mediator","2-3 Glentworth Street, Limerick, V94 XA9D","https://www.hayessolicitorslimerick.com/about-solicitors","Firm website: 'About solicitors' page (name, qualifications).","","",""
"galway","Berwick Solicitors LLP","David Higgins","Partner","22 Mainguard Street, Galway","https://berwick.ie/our-people/","Firm website: 'Our people' page. Listed on the LSRA Register of Limited Liability Partnerships (21 Sep 2026), 22 Mainguard Street, Galway.","","",""
"galway","Blake & Kenny LLP","Susan Egan","Solicitor","2 Saint Francis Street, Galway, H91 CA37","https://blakeandkenny.ie/our-people/susan-egan/","Firm website: profile page. Listed on the LSRA Register of Limited Liability Partnerships (21 Sep 2026), 2 Saint Francis Street, Galway.","","",""
"waterford","MW Keller & Son Solicitors LLP","Margaret Fortune","Partner","8 Gladstone Street, Waterford, X91 E896","https://mwkeller.com/our-team/","Firm website: 'Our team' page (role, qualification year, practice focus).","","",""
"waterford","Kearns Heffernan Foskin LLP","Sharon Kearns","Partner","Otteran House, South Parade, Waterford","https://www.khfsolicitors.com/","Firm website: legal team section (role, qualification year, practice focus).","","",""
"drogheda","Mark Cassidy & Company Solicitors","Mark Cassidy","Principal","Hill House, St Peter's Hill, Drogheda, Co. Louth, A92 C951","https://www.markcassidysolicitor.ie/about/","Firm website: 'About' page (Roll year, practice areas). Address from Golden Pages listing.","","",""
"drogheda","Nolan & Co Solicitors","Rachel Nolan","Principal","Tullyallen Village, Drogheda, Co. Louth","https://www.nolansolicitors.ie/","Firm website: home page (principal, qualification year, practice areas).","","",""
"dundalk","Bellew Law","Steven Bellew","Founder and principal solicitor","3 Chapel Street, Dundalk, Co. Louth, A91 XD86","https://bellewlaw.ie/about-company/","Firm website: 'About' page (founder, admitted to the Roll, practice areas).","","",""
"dundalk","Hamill, Wallace & Hardy LLP","Jim Wallace","Partner","2 Demesne, Dundalk, Co. Louth","https://www.dundalksolicitors.com/about-dundalk-solicitors.php","Firm website: 'About' page (partners, qualification years).","","",""
"swords","Power & Co. Solicitors","Patrick Power","Principal","61 Applewood Village, Swords, Co. Dublin","https://ppowerandco.ie/","Firm website: home page (principal, qualification year, practice areas).","","",""
"swords","Hennessy & Perrozzi Solicitors","Omar Perrozzi","Partner","Town Centre Mall, Swords, Co. Dublin","https://www.hpsol.ie/","Firm website: home page (partners, experience, practice areas). DX 91 012 Swords.","","",""
"navan","Paul Brady & Co., Solicitors","Deborah Leonard","Solicitor","3 Railway Street, Navan, Co. Meath","https://www.paulbradysolicitors.ie/about/","Firm website: 'About' page (qualification date, practice focus); address from the firm's contact page.","","",""
"navan","Steen O'Reilly LLP","Daragh Fitzsimons","Solicitor","31/34 Trimgate Street, Navan, Co. Meath","https://www.steenoreilly.ie/","Firm website: home page (solicitors, qualification year, practice focus).","","",""
"kilkenny","Boland and Company Solicitors","Kieran Boland","Principal","2 Abbey Bridge, Dean Street, Kilkenny","https://bolandsolicitors.com/about-us","Firm website: 'About us' page (principal, qualification year, practice focus).","","",""
"kilkenny","Mary Molloy & Co. Solicitors","Mary Molloy","Principal Solicitor","2 Rose Inn Street, Kilkenny, R95 W58D","https://marymolloysolicitor.ie/","Firm website: home page (admission year; states its solicitors are on the Roll and regulated by the Law Society of Ireland and the LSRA).","","",""
"ennis","Cashin Clancy Solicitors LLP","Pamela Clancy","Partner","3 Francis Street, Ennis, Co. Clare, V95 Y421","https://cashinclancy.ie/about-us/","Firm website: 'About us' page. Listed on the LSRA Register of Limited Liability Partnerships (21 Sep 2026), 3 Francis Street, Ennis.","","",""
"ennis","Berwick Solicitors LLP","Eileen Brooks","Solicitor","Clare Road, Ennis, Co. Clare, V95 D36D","https://berwick.ie/our-people/","Firm website: 'Our people' page. Listed on the LSRA Register of Limited Liability Partnerships (21 Sep 2026) (registered address in Galway).","","",""
"carlow","Philip Vint & Co. Solicitors","Philip Vint","Principal","73 Burrin Street, Carlow","https://www.vintsolicitors.com/","Firm website: home page (principal, qualification year, practice areas).","","",""
"carlow","Farrell McElwee Solicitors LLP","Niamh Kavanagh","Conveyancing Solicitor","1 Maryborough Street, Graiguecullen, Carlow, R93 P4A9","https://www.fmce.ie/team.html","Firm website: team page (role). Listed on the LSRA Register of Limited Liability Partnerships (21 Sep 2026), 1 Maryborough Street, Graiguecullen, Carlow.","","",""
"tralee","O'Sullivan Reidy Solicitors","Blathnaid Walsh","Solicitor","Church Street, Tralee, Co. Kerry","https://osrsolicitors.com/about-us/","Firm website: 'About us' page (experience, practice focus).","","",""
"tralee","Cadogan O'Regan LLP","Siobhán Leahy","Solicitor","22 Denny Street, Tralee, Co. Kerry, V92 XPN0","https://www.cador.ie/","Firm website: home page (admission year, practice focus). Listed on the LSRA Register of Limited Liability Partnerships (21 Sep 2026), 22 Denny St, Tralee.","","",""
"naas","Osborne Denieffe LLP","David Osborne","Managing Partner","Abbey Moat House, Abbey Street, Naas, Co. Kildare, W91 NN9V","https://www.osbornedenieffe.ie/our-team-solicitors-naas-newbridge-kildare/","Firm website: team page and home page (role, practice areas).","","",""
"naas","Stephen Walsh & Co. Solicitors","Stephen Walsh","Principal Solicitor","38 South Main Street, Naas, Co. Kildare","https://stephenwalshsolicitors.ie/","Firm website: home page and contact page (principal, address, practice areas).","","",""
"athlone","Mellotte O'Carroll Solicitors LLP","John O'Carroll","Partner","Pearse Street, Athlone, Co. Westmeath, N37 F728","https://mocsolicitors.ie/about-us/our-members/","Firm website: 'Our members' page (role, practice focus); the firm states it has been authorised and registered as an LLP by the LSRA since 23 April 2020.","","",""
"athlone","Tormeys Solicitors LLP","Clodagh Shine","Partner","Castle Street, Athlone, Co. Westmeath, N37 D960","https://tormeys.ie/team/clodagh-shine/","Firm website: profile page (role, qualification year, practice focus).","","",""
"sligo","Valerie Kearins Solicitors","Valerie Kearins","Principal","Unit 2, High Market House, Old Market Street, Sligo","https://vkearinssolicitor.ie/","Firm website: home page (name, practice areas, experience).","","",""
"sligo","Hickey Coghill Solicitors LLP","Elaine Coghill","Partner","Wine Street, Sligo","https://www.hickeycoghillsolicitors.ie/about/","Firm website: 'About' page (partner, qualification year).","","",""
"letterkenny","Gallagher & Brennan Solicitors","Patsy Gallagher","Solicitor","House B, Carnamuggagh Upper, Kilmacrennan Road, Letterkenny, Co. Donegal, F92 V050","https://gallagherbrennan.ie/","Firm website: home page (named solicitors and their areas).","","",""
"letterkenny","Gallagher & Brennan Solicitors","Dominic Brennan","Solicitor","House B, Carnamuggagh Upper, Kilmacrennan Road, Letterkenny, Co. Donegal, F92 V050","https://gallagherbrennan.ie/","Firm website: home page (named solicitors and their areas).","","",""
"wexford","M J O'Connor LLP","Seamas Turner","Partner","Drinagh, Wexford, Y35 E76D","https://mjoc.ie/our-people/","Firm website: 'Our people' page (role, office, qualification year, practice focus).","","",""
"wexford","Kirwan & Kirwan LLP Solicitors","Eleanor O'Farrell","Partner","Cornmarket, Wexford","https://kirwanandkirwan.com/about-kirwan-kirwan/","Firm website: 'About' page (partners, qualification years).","","",""
"mullingar","Nooney & Dowdall LLP Solicitors","Matthew Johnston","Managing Partner","16 Mary Street, Mullingar, Co. Westmeath, N91 XY64","https://mullingarsolicitors.ie/about-us/matthew-johnston-partner/","Firm website: profile page (role, admission year, practice areas).","","",""
"mullingar","Kelly Caulfield Shaw Solicitors","Aisling Penrose","Solicitor","1 Chapterhouse, Friars Mill Road, Mullingar, Co. Westmeath, N91 RT68","https://kcs.ie/staff-folder/aisling-penrose-kelly-caulfield-shaw-solicitors-mullingar-westmeath.html","Firm website: profile page (role, qualification year, practice areas).","","",""
"castlebar","Michael Moran Solicitors LLP","Augusta Tuohy","Partner","Mountain View, Knockaphunta, Castlebar, Co. Mayo, F23 T283","https://michaelmoransolicitors.ie/team.html","Firm website: team page (role, qualification year, practice focus). Address from Golden Pages / irish-pages listings.","","",""
"castlebar","Jordan and Kennelly Solicitors","Joanna Jordan","Principal","New Antrim Street, Castlebar, Co. Mayo, F23 VK88","https://www.jks.ie/","Firm website: home page (principal, practice areas).","","",""
